{
    "duration": 30.0,
    "language": "english",
    "text": "The story of Arthur the Rat. Once upon a time there was a young rat who couldn't make up his mind. Whenever the other rats asked him if he would like to come out hunting with them, he would answer in a hoarse voice, I don't know. And when they said, would you rather stay inside, he would say yes or no either. He'd always shake making a choice. One fine day...",
    "segments": [
        {
            "id": 0,
            "avg_logprob": -0.25482046604156494,
            "compression_ratio": 1.5753424167633057,
            "end": 8.0,
            "no_speech_prob": 0.1340746432542801,
            "seek": 0,
            "start": 1.0,
            "temperature": 0.0,
            "text": " The story of Arthur the Rat. Once upon a time there was a young rat who couldn't make up his mind.",
            "tokens": [
                50414,
                440,
                1657,
                295,
                19624,
                264,
                24269,
                13,
                3443,
                3564,
                257,
                565,
                456,
                390,
                257,
                2037,
                5937,
                567,
                2809,
                380,
                652,
                493,
                702,
                1575,
                13,
                50764
            ]
        },
        {
            "id": 1,
            "avg_logprob": -0.25482046604156494,
            "compression_ratio": 1.5753424167633057,
            "end": 13.0,
            "no_speech_prob": 0.1340746432542801,
            "seek": 0,
            "start": 8.0,
            "temperature": 0.0,
            "text": " Whenever the other rats asked him if he would like to come out hunting with them,",
            "tokens": [
                50764,
                14159,
                264,
                661,
                25691,
                2351,
                796,
                498,
                415,
                576,
                411,
                281,
                808,
                484,
                12599,
                365,
                552,
                11,
                51014
            ]
        },
        {
            "id": 2,
            "avg_logprob": -0.25482046604156494,
            "compression_ratio": 1.5753424167633057,
            "end": 17.0,
            "no_speech_prob": 0.1340746432542801,
            "seek": 0,
            "start": 13.0,
            "temperature": 0.0,
            "text": " he would answer in a hoarse voice, I don't know.",
            "tokens": [
                51014,
                415,
                576,
                1867,
                294,
                257,
                1106,
                11668,
                3177,
                11,
                286,
                500,
                380,
                458,
                13,
                51214
            ]
        },
        {
            "id": 3,
            "avg_logprob": -0.25482046604156494,
            "compression_ratio": 1.5753424167633057,
            "end": 24.0,
            "no_speech_prob": 0.1340746432542801,
            "seek": 0,
            "start": 17.0,
            "temperature": 0.0,
            "text": " And when they said, would you rather stay inside, he would say yes or no either.",
            "tokens": [
                51214,
                400,
                562,
                436,
                848,
                11,
                576,
                291,
                2831,
                1754,
                1854,
                11,
                415,
                576,
                584,
                2086,
                420,
                572,
                2139,
                13,
                51564
            ]
        },
        {
            "id": 4,
            "avg_logprob": -0.25482046604156494,
            "compression_ratio": 1.5753424167633057,
            "end": 28.0,
            "no_speech_prob": 0.1340746432542801,
            "seek": 0,
            "start": 24.0,
            "temperature": 0.0,
            "text": " He'd always shake making a choice.",
            "tokens": [
                51564,
                634,
                1116,
                1009,
                10283,
                1455,
                257,
                3922,
                13,
                51764
            ]
        },
        {
            "id": 5,
            "avg_logprob": -0.3430580198764801,
            "compression_ratio": 0.7142857313156128,
            "end": 30.0,
            "no_speech_prob": 0.44163674116134644,
            "seek": 2800,
            "start": 28.0,
            "temperature": 0.0,
            "text": " One fine day...",
            "tokens": [
                50364,
                1485,
                2489,
                786,
                485,
                50464
            ]
        }
    ],
    "usage": {
        "seconds": 30.0,
        "type": "duration"
    },
    "words": null,
    "task": "transcribe"
}